facility_id,registered_business_name,facility_name,suburb,state,postcode,latitude,longitude,primary_anzsic_class_name,main_activities,first_report_year,latest_report_year
482970,ACT HEALTH,THE CANBERRA HOSPITAL,Canberra,ACT,2605.0,-35.347,149.102,Hospitals (Except Psychiatric Hospitals),"PRINCIPLE 500 BED HOSPITAL FOR THE ACT, INCLUDES PATHOLOGY LABORATORY. CLINICAL TEACHING SCHOOL FACILITY, MENTAL HEALTH FACILITIES",,
483002,ACTEW CORPORATION LTD,LOWER MOLONGLO WATER QUALITY CONTROL CENTRE - INCINERATOR,Holt,ACT,2615.0,-35.247,148.974,Waste Treatment and Disposal Services,INCINERATION OF SEWAGE SLUDGE,,
482744,ACTEWAGL,LMWQCC - Incinerator,Holt,ACT,2615.0,-35.249,148.974,Waste Treatment and Disposal Services,Incineration of sewage sludge,,
574168,AMPOL AUSTRALIA PETROLEUM PTY LTD,Ampol Canberra Aviation,Majura,ACT,2609.0,-35.302,149.182,Petroleum Product Wholesaling,PETROLEUM PRODUCT WHOLESALING,,
602274,APT MANAGEMENT SERVICES PTY LIMITED,Canberra Meter Station,Gungahlin,ACT,2912.0,-35.215,149.18,Gas Supply,Metering Gas Flow to Canberra,,
482958,AUSTRALIAN NATIONAL UNIVERSITY,AUSTRALIAN NATIONAL UNIVERSITY,Acton,ACT,2601.0,-35.283,149.117,Higher Education,TERTIARY EDUCATION AND RESEARCH,,
483040,BITUPAVE LTD,Boral Mugga asphalt,Symonston,ACT,2609.0,-35.369,149.132,Other Petroleum and Coal Product Manufacturing,Land-based extractive activity,,
580540,BORAL RESOURCES (COUNTRY) PTY LTD,Boral Mugga Lane Quarry,Symonston,ACT,2609.0,-35.367,149.137,Other Construction Material Mining,"Land based extractive industry; Crushing, Grinding and Separating.",,
482606,CALTEX PETROLEUM SERVICES PTY LTD,Fyshwick Depot t/as Caltex Energy NSW,Fyshwick,ACT,2609.0,-35.331,149.177,Petroleum Product Wholesaling,PETROLEUM PRODUCT WHOLESALING,,
482872,CALVARY HEALTH CARE ACT LTD,CALVARY HEALTH CARE ACT LIMITED,Bruce,ACT,2617.0,-35.253,149.09,Hospitals (Except Psychiatric Hospitals),HEALTHCARE FACILITY (HOSPITAL),,
482626,CANBERRA INTERNATIONAL AIRPORT PTY LTD,CANBERRA INTERNATIONAL AIRPORT,Canberra,ACT,2609.0,-35.303,149.19,Air and Space Transport,CAPITAL CITYAIRPORT,,
548264,COOPER COFFMAN WINE COMPANY PTY LTD,Coffman & Lawson Wine Co Pty Ltd,Lyneham,ACT,2602.0,-35.233,149.137,Wine and Other Alcoholic Beverage Manufacturing,Wine Production & Contract Bottling,,
482990,CSIRO,BLACK MOUNTAIN,Acton,ACT,2601.0,-35.275,149.112,Scientific Research Services,"SCIENTIFIC AND INDUSTRIAL RESEARCH FACILITIES SPECIALISING IN PLANT RESEARCH, ENTMOLOGY, LAND AND WATER SCIENCES, ATMOSPHERIC RESEARCH AND EDUCATION.",,
483212,DEPARTMENT OF DEFENCE,Australian Defence Force Academy,Campbell,ACT,2612.0,-35.291,149.167,Higher Education,Australian Defence Force Military and Leadership Training,,
483242,DEPARTMENT OF DEFENCE,Command and Staff College,Weston Creek,ACT,2611.0,-35.319,149.058,Defence,Education establishment,,
554018,DEPARTMENT OF DEFENCE,HMAS Harman,Harman,ACT,2600.0,-35.346,149.199,Defence,Education Establishment,,
483222,DEPARTMENT OF DEFENCE,Royal Military College Duntroon,Duntroon,ACT,2600.0,-35.3,149.167,Higher Education,Officer training establishment,,
483202,DEPARTMENT OF DEFENCE,Russell Offices,Canberra,ACT,2600.0,-35.298,149.151,Defence,Australian Defence Force Administrative Headquarters,,
483018,DEPARTMENT OF PARLIAMENTARY SERVICES,AUSTRALIAN PARLIAMENT HOUSE,Canberra Parliament House,ACT,2600.0,-35.308,149.124,Central Government Administration,"The purpose of DPS is to support the work of the Australian Parliament by providing effective, high quality and sustainable services to parliamentarians and building occupants. As custodians of Australian Parliament House we are responsible for delivering a broad range of services and experiences that enable engagement with the parliamentary process.",,
482586,DIB GROUP,Hill & Co Fyshwick Depot,Fyshwick,ACT,2609.0,-35.329,149.172,Petroleum Product Wholesaling,PETROLEUM PRODUCT STORAGE AND WHOLESALING,,
586396,DOWNER EDI WORKS PTY LTD,Hume Asphalt Plant,Hume,ACT,2620.0,-35.4,149.163,Other Petroleum and Coal Product Manufacturing,Asphalt Production and Spray Seal Operations,,
482906,EDL LFG (ACT) P/L,West Belconnen,Macgregor,ACT,2615.0,-35.213,148.984,Other Electricity Generation,,,
620204,ELGAS LIMITED,Elgas Limited Canberra AU005,Fyshwick,ACT,2609.0,-35.332,149.167,Petroleum Product Wholesaling,"Import, handling and distribution of LPG",,
572414,ENSIGN SERVICES (AUST) PTY LTD,Spotless Linen Services,Fyshwick,ACT,2609.0,-35.332,149.171,Laundry and Dry-Cleaning Services,Laundry,,
482674,GEORGE WESTON FOODS LIMITED,TIP TOP CANBERRA,Canberra,ACT,2603.0,-35.321,149.151,Bread Manufacturing (Factory based),site is closed,,
482944,HARDY WINE CO LTD,KAMBERRA WINE & TOURISM COMPLEX,Lyneham,ACT,2602.0,-35.233,149.137,Wine and Other Alcoholic Beverage Manufacturing,WINEMAKING,,
482866,HEALTH DIRECTORATE,THE CANBERRA HOSPITAL,Canberra,ACT,2605.0,-35.345,149.101,Hospitals (Except Psychiatric Hospitals),"PRINCIPLE 550 BED HOSPITAL FOR THE ACT, INCLUDES PATHOLOGY LABORATORY, CLINICAL SCHOOL TEACHING FACILITY, MENTAL HEALTH FACILITIES",,
482636,ICON WATER LIMITED,LOWER MOLONGLO WATER QUALITY CONTROL CENTRE,Holt,ACT,2615.0,-35.247,148.971,Sewerage and Drainage Services,SEWAGE TREATMENT WORKS,,
482848,ICON WATER LIMITED,STROMLO WATER TREATMENT PLANT,Stromlo,ACT,2611.0,-35.327,148.999,Water Supply,"WATER TREATMENT INCLUDING FILTRATION. PH CORRECTION, FLUORIDATION AND DISINFECTION",,
482814,IMSEP PTY LTD,NATIONAL CAPITAL PRINTING,Fyshwick,ACT,2609.0,-35.328,149.17,Printing,Offset Lithographic Printing,,
482830,INTEGRATED FOREST PRODUCTS P/L,INTEGRATED FOREST PRODUCTS (Receivers & Managers Appointed),Hume,ACT,2620.0,-35.405,149.149,Log Sawmilling,TIMBER PROCESSING PLANT (BUILDING GRADE),,
483048,JOINT HOUSE DEPARTMENT,Parliament House,Capital Hill,ACT,2600.0,-35.308,149.124,Central Government Administration,Australian Federal Parliament,,
482788,KOPPERS WOOD PRODUCTS PTY LTD,"KOPPERS, HUME",Hume,ACT,2620.0,-35.407,149.153,Reconstituted Wood Product Manufacturing,"PRCESSING OF SAWN AND ROUND SOFTWOOD FOR TIMBER PROTECTION. 1. TIMBER TRUCKED IN FROM BUSH OPERATIONS, SAWMILLS AND CUSTOMERS. 2. TIMBER DEBARKED AND PEELED AS REQUIRED. 3. AIR DRIED AND MACHINED PRIOR TO TREATMENT. 4. PRESSURE IMPREGNATED WITH CCA. 5. D",,
683606,LGI LIMITED,Mugga Lane LGI Power Station,Jerrabomberra,ACT,2619.0,-35.395,149.145,Other Electricity Generation,Electricity generation,,
692416,LGI LIMITED,West Belconnen Flare,West Belconnen,ACT,2617.0,-35.214,148.987,Waste Treatment and Disposal Services,Flaring/Combustion of Landfill Gas,,
482890,LGI LTD,Mugga Lane,Symonston,ACT,2609.0,-35.392,149.142,Other Electricity Generation,Landfill Gas extraction and Power Generation,,
483030,MOBIL OIL AUST PTY LTDL,CANBERRA AIRPORT,Pialligo,ACT,2609.0,-35.303,149.19,Petroleum Product Wholesaling,PETROLEUM PRODUCT STORAGE AND WHOLESALING,,
483006,PACE FARM PTY LTD,PACE PTY LTD PARKWOOD,Canberra,ACT,2615.0,-35.204,148.989,Poultry Farming (Eggs),INTENSIVE LIVESTOCK RAISING - POULTRY EGGS,,
482694,QUALITY BAKERS AUSTRALIA PTY LIMITED,Canberra Bakery,Fyshwick,ACT,2609.0,-35.334,149.184,Bread Manufacturing (Factory based),"Bakeries - bread, bread rolls",,
482704,QUEANBEYAN CITY COUNCIL,QUEANBEYAN SEWAGE TREATMENT PLANT,Canberra,ACT,2620.0,-35.334,149.218,Sewerage and Drainage Services,PROCESSING OF RAW SEWAGE,,
483044,RAIL CORPORATION NEW SOUTH WALES,Sydney Trains Canberra Refuelling Facility,Kingston,ACT,2604.0,-35.319,149.156,Railway Rolling Stock Manufacturing and Repair Services,Rollingstock refuelling,,
584386,RENEGADE GAS PTY LTD,SUPAGAS Canberra,Mitchell,ACT,2911.0,-35.21,149.135,Gas Supply,"Import, handling, and distribution of LPG",,
482936,ROYAL AUSTRALIAN MINT,ROYAL AUSTRALIAN MINT,Deakin,ACT,2600.0,-35.316,149.096,Jewellery and Silverware Manufacturing,"Manufacturing Australian circulating currency, collector coins and medallions.",,
482822,RURAL PRESS PTY LTD,THE CANBERRA TIMES,Canberra,ACT,2609.0,-35.326,149.169,Newspaper Publishing,Newspaper production,,
482752,STERICORP LIMITED,STERICORP,Canberra,ACT,2911.0,-35.222,149.141,Waste Treatment and Disposal Services,INCINERATION OF BIO-MEDICAL WASTE AND ELECTRO-THERMAL DEACTIVATION OF CLINICAL AND RELATED WASTE EXCLUDING CYTOTOXIC AND ANOTOMICAL WASTE,,
482922,THE SHELL CO OF AUST LTD,ADVANTAGE PETROLEUM,Fyshwick,ACT,2609.0,-35.305,149.187,Petroleum Product Wholesaling,AIRCRAFT REFUELIING,,
482724,THE SHELL COMPANY OF AUSTRALIA LTD,Shell Fyshwick Depot,Fyshwick,ACT,2609.0,-35.328,149.166,Petroleum Product Wholesaling,HYDROCARBON STORAGE AND DISTRIBUTION,,
482808,THIESS SERVICES PTY LTD,Belconnen Landfill Operations Contract,Canberra,ACT,2603.0,-35.216,149.001,Waste Treatment and Disposal Services,Disposal of muncipal & some special waste,,
482768,TRANSPORT CANBERRA AND CITY SERVICES DIRECTORATE,CAPITAL LINEN SERVICE,Canberra,ACT,2911.0,-35.222,149.141,Laundry and Dry-Cleaning Services,"PROVIDES LINEN RENTAL AND LAUNDERING SERVICES TO A WIDE RANGE OF CLIENTS IN THE ACT REGION INCLUDING HOSPITALS, HOTELS AND RESTAURANTS",,
482802,TRANSPORT CANBERRA AND CITY SERVICES DIRECTORATE,MUGGA LANE LANDFILL,Canberra,ACT,2603.0,-35.384,149.136,Waste Treatment and Disposal Services,Disposal of municipal & some special wastes,,
482978,UNIVERSITY OF CANBERRA,UNIVERSITY OF CANBERRA,Canberra University Lpo,ACT,2617.0,-35.241,149.089,Higher Education,EDUCATION,,
482656,WESTOIL PETROLEUM P/L,CANBERRA DEPOT,Fyshwick,ACT,2609.0,-35.305,149.187,Petroleum Product Wholesaling,PETROLEUM STORAGE AND WHOLESALING,,
